1373814238107,2666,1. Call for main page,200,OK,Virtual Users 1-18,text,true,5903,25,25,2665
1373814238135,5788,1. Call for main page,200,OK,Virtual Users 1-23,text,true,5904,25,25,5785
1373814238090,8544,1. Call for main page,200,OK,Virtual Users 1-5,text,true,5906,25,25,8538
1373814238098,8645,1. Call for main page,200,OK,Virtual Users 1-13,text,true,5904,25,25,8641
1373814238116,10696,1. Call for main page,200,OK,Virtual Users 1-21,text,true,5906,25,25,10690
1373814238084,11212,1. Call for main page,200,OK,Virtual Users 1-2,text,true,5902,25,25,11211
1373814238125,17920,1. Call for main page,200,OK,Virtual Users 1-12,text,true,5901,25,25,17915
1373814238126,18323,1. Call for main page,200,OK,Virtual Users 1-16,text,true,5903,25,25,18320
1373814238099,18666,1. Call for main page,200,OK,Virtual Users 1-10,text,true,5903,25,25,18661
1373814238092,19074,1. Call for main page,200,OK,Virtual Users 1-6,text,true,5903,25,25,19063
1373814238093,19294,1. Call for main page,200,OK,Virtual Users 1-9,text,true,5902,25,25,19290
1373814238121,19327,1. Call for main page,200,OK,Virtual Users 1-11,text,true,5904,25,25,19324
1373814238075,19439,1. Call for main page,200,OK,Virtual Users 1-1,text,true,5905,25,25,19434
1373814238087,20024,1. Call for main page,200,OK,Virtual Users 1-3,text,true,5903,25,25,20021
1373814238115,20385,1. Call for main page,200,OK,Virtual Users 1-22,text,true,5904,25,25,20382
1373814238093,20443,1. Call for main page,200,OK,Virtual Users 1-4,text,true,5904,25,25,20439
1373814238106,20716,1. Call for main page,200,OK,Virtual Users 1-17,text,true,5904,25,25,20713
1373814240789,18025,2. Call for all categories,200,OK,Virtual Users 1-18,text,true,3441,25,25,18024
1373814238128,20712,1. Call for main page,200,OK,Virtual Users 1-15,text,true,5904,24,24,20707
1373814243929,15769,2. Call for all categories,200,OK,Virtual Users 1-23,text,true,3441,24,24,15768
1373814238132,22170,1. Call for main page,200,OK,Virtual Users 1-20,text,true,5904,23,23,22169
1373814238108,22340,1. Call for main page,200,OK,Virtual Users 1-24,text,true,5903,23,23,22336
1373814238119,28310,1. Call for main page,200,OK,Virtual Users 1-8,text,true,5903,23,23,28304
1373814257257,9106,2. Call for all categories,200,OK,Virtual Users 1-9,text,true,3441,23,23,9105
1373814238113,28892,1. Call for main page,200,OK,Virtual Users 1-25,text,true,5903,22,22,28888
1373814257037,9955,2. Call for all categories,200,OK,Virtual Users 1-6,text,true,3441,22,22,9954
1373814248678,18325,2. Call for all categories,200,OK,Virtual Users 1-21,text,true,3441,21,21,18316
1373814238101,29179,1. Call for main page,200,OK,Virtual Users 1-7,text,true,5905,20,20,29177
1373814258404,8977,2. Call for all categories,200,OK,Virtual Users 1-4,text,true,3441,20,20,8973
1373814258712,8739,2. Call for all categories,200,OK,Virtual Users 1-15,text,true,3441,19,19,8734
1373814258695,9868,2. Call for all categories,200,OK,Virtual Users 1-17,text,true,3441,18,18,9867
1373814260319,8313,2. Call for all categories,200,OK,Virtual Users 1-24,text,true,3441,17,17,8310
1373814238130,30892,1. Call for main page,200,OK,Virtual Users 1-19,text,true,5903,16,16,30889
1373814260173,8755,2. Call for all categories,200,OK,Virtual Users 1-20,text,true,3441,16,16,8752
1373814256316,12808,2. Call for all categories,200,OK,Virtual Users 1-16,text,true,3441,15,15,12806
1373814249164,20253,2. Call for all categories,200,OK,Virtual Users 1-2,text,true,3441,14,14,20245
1373814255915,14423,2. Call for all categories,200,OK,Virtual Users 1-12,text,true,3441,13,13,14421
1373814257384,13476,2. Call for all categories,200,OK,Virtual Users 1-1,text,true,3441,12,12,13474
1373814246609,24737,2. Call for all categories,200,OK,Virtual Users 1-13,text,true,3441,11,11,24693
1373814246509,25195,2. Call for all categories,200,OK,Virtual Users 1-5,text,true,3441,10,10,25192
1373814258369,13798,2. Call for all categories,200,OK,Virtual Users 1-22,text,true,3441,9,9,13750
1373814257979,14192,2. Call for all categories,200,OK,Virtual Users 1-3,text,true,3441,9,9,14191
1373814238101,34566,1. Call for main page,200,OK,Virtual Users 1-14,text,true,5903,7,7,34563
1373814266306,7860,2. Call for all categories,200,OK,Virtual Users 1-8,text,true,3441,7,7,7856
1373814266874,8086,2. Call for all categories,200,OK,Virtual Users 1-25,text,true,3441,6,6,8084
1373814267150,7861,2. Call for all categories,200,OK,Virtual Users 1-7,text,true,3441,5,5,7857
1373814256637,18707,2. Call for all categories,200,OK,Virtual Users 1-10,text,true,3441,4,4,18706
1373814257318,18469,2. Call for all categories,200,OK,Virtual Users 1-11,text,true,3441,3,3,18468
1373814268891,7026,2. Call for all categories,200,OK,Virtual Users 1-19,text,true,3441,2,2,7025
1373814272541,3611,2. Call for all categories,200,OK,Virtual Users 1-14,text,true,3441,1,1,3611
